42;4321
300;749869
365;33639
404;21227
433;926547
611;20909
808;28223
888;29462
1337;20824
2015;3744
BTC;1182
ETH;7605
LTC;3808
DASH;3807
XMR;5038
NXT;1183
ETC;5324
DOGE;4432
ZEC;24854
BTS;5039
DGB;4430
XRP;5031
BTCD;4400
PPC;2349
CRAIG;4425
XBS;5023
XPY;5030
PRC;3638
YBC;3639
DANK;3640
GIVE;3641
KOBO;3642
DT;3643
CETI;3644
SUP;3645
XPD;3646
GEO;3647
CHASH;3648
SPR;3649
NXTI;3650
WOLF;3653
XDP;3655
AC;4322
ACOIN;4323
AERO;4324
ALF;4325
AGS;4326
AMC;4327
ALN;4328
APEX;4330
ARCH;4331
ARG;4371
ARI;4332
AUR;4333
AXR;4334
BCX;4335
BET;4337
BEAN;4338
BLU;4340
BLK;4339
BOST;4342
BQC;4343
XMY;4345
MOON;4346
ZET;4347
SXC;4348
QTL;4349
ENRG;4350
QRK;4351
RIC;4352
DGC;4353
LIMX;4354
BTB;4399
CAIX;4406
BTE;4401
BUK;4404
CACH;4405
CANN;4407
CAP;4408
CASH;4409
CAT;4410
CBX;4411
CCN;4412
CIN;4413
CINNI;4414
CXC;4415
CLAM;4416
CLOAK;4417
CLR;4418
CMC;4419
CNC;4420
CNL;4421
COMM;4422
COOL;4423
CRACK;4424
CRYPT;4427
CSC;4428
DEM;4429
DMD;4431
XVG;4433
DRKC;4434
DSB;4435
DVC;4436
EAC;4437
EFL;4438
ELC;4439
EMC2;4440
EMD;4441
EXCL;4442
EXE;4443
EZC;4444
FLAP;4445
FC2;4446
FFC;4447
FIBRE;4448
FRC;4521
FLT;4449
FRK;4522
FRAC;4450
FST;4523
FTC;4524
GDC;4526
GLC;4527
GLD;4528
GLX;4529
GLYPH;4530
GML;4531
GUE;4532
HAL;4533
HBN;4534
HUC;4535
HVC;4536
HYP;4537
ICB;4538
IFC;4539
IOC;4540
IXC;4541
JBS;4542
JKC;4543
JUDGE;4544
KDC;4545
KEY*;4546
KGC;4547
LK7;4550
LKY;4551
LSD;4552
LTB;4553
LTCD;4554
LTCX;4555
LXC;4556
LYC;4557
MAX;4558
MEC;4559
MED;4560
MIN;4561
MN;4563
MINC;4564
MRY;4566
MZC;4568
NAN;4569
NAUT;4570
NAV;4571
NBL;4572
NEC;4573
NET;4574
NMB;4575
NRB;4576
NOBL;4577
NRS;4578
NVC;4579
NMC;4580
NYAN;4581
OPAL;4582
ORB;4583
OSC;4584
PHS;4585
POINTS;4586
POT;4587
PSEUD;4588
PXC;4590
PYC;4591
RDD;4592
RIPO;4593
RPC;4594
RT2;4595
RYC;4596
RZR;4597
SAT2;4598
SBC;4599
SDC;4600
SFR;4601
SHADE;4602
SHLD;4603
SILK;4604
SLG;4605
SMC;4606
SOLE;4607
SPA;4608
SPT;4609
SRC;4611
SSV;4613
SUPER;4615
SWIFT;4616
SYNC;4617
SYS;4618
TAG;4619
TAK;4620
TES;4622
TGC;4623
TIT;4624
TOR;4625
TRC;4626
ULTC;4628
UNB;4629
UNO;4630
URO;4631
USDE;5011
UTC;5012
UTIL;5013
VDO;5014
VIA;5015
VOOT;5016
VRC;5017
VTC;5018
WC;5019
WDC;5020
XAI;5021
XBOT;5022
XC;5024
XCSH;5025
XCR;5026
XJO;5027
XLB;5028
XPM;5029
XST;5032
XXX;5033
YAC;5034
ZCC;5035
ZED;5036
BCN;5280
EKN;5281
XAU;5283
TMC;5284
XEM;5285
BURST;5286
NBT;5287
SJCX;5288
START;5289
HUGE;5290
XCP;5292
MAID;5293
007;5294
NSR;5295
MONA;5296
CELL;5297
TEK;5298
BAY;5300
NTRN;5301
SLING;5302
XVC;5303
CRAVE;5304
BLOCK;5305
XSI;5306
BYC;5308
GRC;5309
GEMZ;5310
KTK;5311
HZ;5312
FAIR;5313
QORA;5314
NLG;5315
RBY;5316
PTC;5317
KORE;5318
WBB;5319
SSD;5320
XTC;5321
NOTE;5322
FLO;5325
MMXIV;5326
8BIT;5327
STV;5328
EBS;5329
AM;5330
XMG;5331
AMBER;5332
NKT;5334
J;5335
GHC;5336
DTC*;5337
ABY;5338
LDOGE;5339
MTR;5340
TRI;5341
SWARM;5342
BBR;5343
BTCRY;5344
BCR;5345
XPB;5346
XDQ;5347
FLDC;5348
SLR;5349
SMAC;5350
TRK;5351
U;5352
UIS;5353
CYP;5354
UFO;5355
ASN;5356
OC;5357
GSM;5358
FSC;5359
NXTTY;5360
QBK;5361
BLC;5362
MARYJ;5363
OMC;5365
GIG;5366
CC;5367
BITS;5368
LTBC;5369
NEOS;5370
HYPER;5371
VTR;5372
METAL;5373
PINK;5374
GRE;5375
XG;5376
CHILD;5377
MINE;5379
ROS;5380
UNAT;5381
SLM;5382
GAIA;5383
TRUST;5384
FCN;5385
XCN;5386
CURE;5387
GMC;5388
MMC;5389
XBC;5391
CYC;5392
OCTO;5393
MSC;5394
EGG;5395
C2;5396
GSX;5397
CAM;5398
RBR;5399
XQN;5400
ICASH;5401
NODE;5402
SOON;5403
BTMI;5404
EVENT;5405
1CR;5406
VIOR;5407
XCO;5408
VMC;5409
MRS;5410
VIRAL;6088
EQM;6093
ISL;6094
QSLV;6095
XWT;6096
XNA;6097
RDN;6098
SKB;6099
BSTY;6100
FCS;6101
GAM;6102
NXS;6103
CESC;6104
TWLV;6105
EAGS;6106
MWC;6107
ADC;6108
MARS;6109
XMS;6110
SPHR;6111
SIGU;6112
DCC;6114
M1;6115
DB;6116
CTO;6117
EDGE;6339
LUX*;6341
FUTC;6343
GLOBE;6393
TAM;6411
MRP;6412
CREVA;6451
XFC;6452
NANAS;6453
LOG;6454
XCE;6455
ACP;6476
DRZ;7480
BUCKS*;7481
BSC;7482
DRKT;7483
CIRC;7484
NKA;7559
VERSA;7562
EPY;7564
SQL;7565
PIGGY;7577
CHA;7580
MIL;7581
CRW;7586
GEN;7588
XPH;7590
GRM;7592
QTZ;7595
ARB;7599
LTS;7600
SPC;7624
GP;7625
BITZ;7626
DUB;7627
GRAV;7634
BOB;7635
MNV;7636
QCN;7650
HEDGE;7653
SONG;8682
XSEED;8683
CRE;8692
AXIOM;8693
SMLY;8694
RBT;8695
CHIP;8696
SPEC;8716
UNC;8760
SPRTS;8761
ZNY;8762
BTQ;8763
PKB;8764
STR*;8767
SNRG;8825
GHOUL;8832
HNC;8846
DIGS;12192
EXP;12194
GCR;12217
MAPC;12223
MI;12225
CON;12985
NEU*;13044
TX;13045
GRS;13070
SC;13072
CLV;13074
LYB;13281
BST;15272
PXI;15274
CPC;15282
AMS;15284
OBITS;15323
CLUB;15869
RADS;15870
EMC;15876
HIRE*;15882
EGC;15885
MND;15888
I0C;16123
BTA;16125
DCR;16713
NAS2;16717
PAK;17006
CRB;17547
DOGED;17549
REP;17778
OK;17857
RVR;18180
AMP;18244
HODL;18670
DGD;18907
EDRC;19051
LSK;19745
WAVES;20131
HTC;20153
GAME;20157
DSH;20196
DBIC;20198
XHI;20202
SPOTS;20205
BIOS;20209
CAB;20212
DIEM;20213
GBT;20214
SAR*;20215
RCX;20218
PWR;20236
TRUMP;20270
PRM;20304
BCY;20315
RBIES;20320
STEEM;20333
BLRY;20336
XWC;20338
DOT;20339
SCOT;20342
DNET;20346
BAC;20348
XID*;20387
TCR;20441
POST;20444
INFX;20446
ETHS;20448
PXL;20580
NUM;20583
SOUL;20585
ION;20591
GROW;20600
UNITY;20635
OLDSF;20640
SSTC;20644
NETC;20647
GPU;20650
TAGR;20652
HMP;20655
ADZ;20656
GAP;20659
MYC;20661
IVZ;20679
VTA;20680
SLS;20681
SOIL;20685
CUBE;20688
COIN*;20714
VPRC;20718
APC;20722
STEPS;20724
DBTC;20726
UNIT;20728
AEON;20730
MOIN;20744
SIB;20745
ERC;20748
AIB;20806
PRIME;20814
BERN;20817
BIGUP;20819
KR;20822
XRE;20823
MEME;20825
XDB;20826
ANTI;20828
BRK;20892
COLX;20903
MNM;20905
ADCN;20907
ZEIT;20908
2GIVE;20910
CGA;20911
SWING;20920
SAFEX;20594
NEBU;20980
AEC;20986
FRN;20991
ADN;21007
PULSE;21012
N7;21017
CYG;21213
LGBTQ;21215
UTH;21219
MPRO;21222
KAT;21224
SPM;21229
MOJO;21232
BELA;21239
FLX;21244
BOLI;21357
CLUD;21359
DIME;21365
FLY;21370
HVCO;21374
GIZ;21378
GREXIT;21380
CARBON;21382
DEUR;21384
TUR;21626
LEMON;21641
STS;21650
DISK;21652
NEVA;21669
CYT;21706
FUZZ;21708
NKC;21710
SCRT;21760
XRA;21770
XNX;21773
STAR*;21775
STHR;21833
DBG;21859
BON;21869
WMC;21871
GOTX;21875
FLVR;21878
SHREK;21907
STA*;21981
RISE;22015
REV;22169
PBC;22171
OBS;22177
EXIT;22180
CLINT;22191
CKC;22207
VIP;22212
NXE;22240
ZOOM;22245
DRACO;22248
YOVI;22254
ORLY;22258
INCP;22264
SAK;22268
EVIL;22272
OMA;22280
MUE;22325
COX;22326
BNT;22327
BSD;22329
DES;22330
BIT16;22333
PDC;22352
CMTC;22354
CHESS;22407
SPACE;22410
REE;22418
LQD;22422
MARV;22428
XDE2;22430
VEC2;22434
OMNI;22441
GSY;22453
TKN*;22458
LIR;23423
MMNXT;23425
SCRPT;23429
LBC;23432
SPX;23435
SBD*;23728
CJ;23734
PUT;23737
KRAK;23741
DLISK;23743
IBANK;23745
STRAT;24294
VOYA;24305
ENTER;24307
WGC;24402
BM;24405
FRWC;24866
PSY;24871
XT;24885
RUST;24887
NZC;24892
SNGLS;24926
XAUR;25082
BFX;25238
UNIQ;25594
CRX;25613
DCT;25721
XPOKE;25817
MUDRA;25820
WARP;25822
CNMT;25825
PIZZA;25830
LC;25916
HEAT;25917
ICN;25921
EXB;25925
WINGS;25946
CDX*;26113
RBIT;26121
DCS.;26129
KMD;26132
GB;26194
NEO;27368
ANC;27370
MC;27594
JWL;27674
WAY;27681
TAB;27993
TRIG;27996
BITCNY;28019
BITUSD;28021
ATM*;28023
STO;28025
SNS;28027
FSN*;28081
CTC;28083
TOT;28087
BTD;28089
BOTS;28125
MDC;28128
FTP;28131
ZET2;28136
COV*;28151
KRB;28154
TELL;28172
ENE;28174
TDFB;28176
BLOCKPAY;28204
BXT;28208
ZYD;28216
MST;28219
GOON;28221
VLT;28225
ZNE;28227
DCK;28229
COVAL;28276
DGDC;28278
TODAY;28317
VRM;28323
ROOT;28326
1ST;28328
GPL;28330
DOPE;28332
B3;28333
FX;28336
PIO;28342
PROUD;28431
SMSR;28650
UBIQ;28652
ARM;28654
RING;28657
ERB;28665
LAZ;28700
FONZ;28703
BTCR;28764
DROP*;28767
SANDG;28770
PNK;28772
MOOND;28774
DLC;28776
SEN;28778
SCN;28880
WEX;28882
LTH;28885
BRONZ;28888
SH;28890
BUZZ;28893
MG;29001
PSI;29004
XPO;29008
NLC;29010
PSB;29041
XBTS;29131
FIT;29133
PINKX;29193
FIRE;29196
UNF;29198
SPORT;29200
NTC;29366
EGO;29368
BTCL*;29370
X2;29376
MT;29378
TIA;29455
GBRC;29458
XUP;29460
HALLO;29552
BBCC;29554
EMIGR;29556
BHC;29559
CRAFT;29711
INV;29713
OLYMP;29715
DPAY;29718
ATOM;29721
HKG;29733
ANTC;29758
JOBS;29762
DGORE;29904
THC;29924
TRA;29926
RMS;29928
FJC;29935
VAPOR;30016
SDP;30019
RRT;30020
XZC;30022
PRE;30024
CALC;30029
LEA;30117
CF;30119
CRNK;30121
CFC;30123
VTY;30126
ARDR;30173
BS;30175
JIF;30177
CRAB;30179
HILL;30359
MONETA;30364
EC;30367
RUBIT;30369
HCC;30371
BRAIN;30373
VTX;30377
KRC;30379
ROYAL;30386
LFC;30388
ZUR;30391
NUBIS;30393
TENNET;30421
PEC;30423
GMX;30424
32BIT;30428
GNJ;30521
TEAM;30523
SCT;30536
LANA;30544
ELE;30550
GCC;30566
AND;30568
EQUAL;30883
SWEET;30887
2BACCO;30912
DKC;30920
COC;30925
CHOOF;31002
CSH;31004
ZCL;32544
RYCN;32548
PCS;32686
NBIT;32688
WINE;32691
DAR;32694
ARK;32699
IFLT;32775
ZECD;32777
ZXT;32785
WASH;32870
TESLA;32873
LUCKY;32875
VSL;32880
TPG;32882
LEO;33001
MDT;33004
CBD;33008
PEX;33010
INSANE;33017
GNT;33022
PEN*;33127
BASH;33129
FAME;33268
LIV;33271
SP;33332
MEGA;33393
VRS;33399
ALC;33401
DOGETH;33403
KLC;33405
HUSH;33460
BTLC;33522
DRM8;33524
FIST;33526
EBZ;33636
DRS;33645
FGZ;33866
BOSON;33869
ATX;33871
PNC;33873
BRDD;33875
TIME;33914
BIPC;33936
XNC;33939
EMB;33942
BTTF;33945
DLR;34213
CSMIC;34215
FIRST;34223
SCASH;34225
JIO;34332
IW;34334
JNS;34440
TRICK;34483
DCRE;34487
FRE;34489
NPC;34491
PLNC;34493
DGMS;34496
ICOB;34499
ARCO;34506
KURT;34602
XCRE;34604
ENT;34609
UR;34750
MTLM3;34754
ODNT;34847
EUC;34849
CCX;34851
BCF;34854
SEEDS;35027
XSN;35030
TKS;35124
BCCOIN;35165
SHORTY;35226
PCM;35228
KC;35230
CORAL;35232
BamitCoin;35407
NXC;35678
MONEY;35681
BSTAR;35684
HSP;35687
HZT;35811
CS;35813
XSP;35816
CCRB;35818
BULLS;35821
INCNT;35823
ICON;35825
NIC;35947
ACN;35949
XNG;35953
XCI;35955
LOOK;36984
LOC;36988
MMXVI;36992
TRST;37040
MIS;37190
WOP;37191
CQST;37195
IMPS;37204
IN;37210
CHIEF;37214
GOAT;37356
ANAL;37359
RC;37361
PND;37366
PX;37370
CND*;37746
OPTION;37749
AV;38026
LTD;38030
UNITS;38032
HEEL;38035
GAKH;38277
GAIN;38279
SHIFT;38307
S8C;38310
LVG;38312
DRA;38360
ASAFE2;38367
LTCR;38370
QBC;38371
XPRO;38380
AST*;38959
GIFT;38962
VIDZ;38964
INC;38967
PTA;39698
ACID;39700
ZLQ;39704
RADI;39707
RNC;39710
GOLOS;40806
PASC;40811
TWIST;40839
PAYP;40842
DETH;40845
YAY;40847
YES;40990
LENIN;40992
MRSA;41116
OS76;41122
BOSS;41125
MKR;41192
BIC;41587
CRPS;41590
MOTO;41592
NTCC;41819
XNC*;41866
HXX;41868
SPKTR;41871
MAC;41962
SEL;41967
NOO;41971
CHAO;41974
XGB;41989
YMC;42099
JOK;42101
GBIT;42103
TEC;42106
BOMB;42110
RIDE;42344
PIVX;42433
KED;42435
CNO;42438
WEALTH;42440
IOP;42596
XSPEC;42598
PEPECASH;42663
CLICK;42680
ELS;42685
KUSH;42687
ERY;42694
PLU;42837
PRES;42841
BTZ;42843
OPES;42850
WCT;43042
RATIO;43046
BAN;43247
NICE;43253
SMF;43257
CWXT;43265
TECH;43595
CIR;43598
LEPEN;43602
ROUND;43604
MAR;43814
MARX;43818
TAT;43933
HAZE;43937
PRX;43998
NRC;44001
PAC;44003
IMPCH;44007
ERR;44749
TIC;44752
NUKE;44799
EOC;44803
SFC;44952
JANE;44955
PARA;44957
MM;44959
CTL;45031
NDOGE;45044
ZBC;45250
MLN;45253
FRST;45258
PAY;45260
ORO;45262
TBCX;45609
MCAR;45612
THS;45615
ACES;45617
UAEC;45816
EA;45821
PIE;45832
CREA;48787
WISC;48794
BVC;48800
FIND;48807
MLITE;49600
STALIN;49605
TSE;49610
VLTC;50730
BIOB;50734
SWT;50741
PASL;50754
ZER;51845
CHAT;52008
CDN;52015
NETKO;53174
ZOI;53178
HONEY;53915
MXT;53944
MUSIC;53950
DTB;55540
VEG;55544
MBIT;55547
EDG;55676
B@;56078
BEST;56246
CHC;56249
ZENI;56253
PLANET;56654
DUCK;56678
BNX;56682
BSTK;57466
RNS;57471
DBIX;57481
AMIS;57676
KAYI;57705
XVP;57734
BOAT;57742
TAJ;57750
IMX;58121
CJC;58125
AMY;59304
QBT;59317
SRC*;59966
EB3;59968
XVE;59973
FAZZ;60409
APT;60419
BLAZR;60424
ARPA;60618
UNI;60631
ECO;61047
XLR;61061
DARK;61066
DON;61073
MER;61138
WGO;61667
RLC;61877
ATMOS;61902
ETT;62529
WBTC*;62640
VISIO;62648
HPC;62659
GOT;63304
CXT;63308
EMPC;63312
GNO;66193
LGD;66259
TAAS;66270
BUCKS;66685
XBY;66694
GUP;67096
MCRN;67430
LUN;67447
RAIN;67462
WSX;68084
IEC;68088
IMS;68093
ARGUS;70352
CNT;70365
LMC;70469
TKN;71077
BTCS;71321
PROC;71334
XGR;71862
WRC*;71873
BENJI;71884
HMQ;72438
BCAP;72955
DUO;73132
RBX;73143
GRW;74894
APX;74912
MILO;74924
OLV;75285
ILC;75440
MRT;75475
IOU;77286
PZM;77306
PHR;77337
ANT;78152
PUPA;78172
RICE;78190
XCT;78227
DEA;79849
RED;79864
ZSE;79875
CTIC;79887
TAP;81403
BITOK;81445
PBT;84232
MUU;84247
INF8;84262
HTML5;84752
MNE;84831
DICE;89572
SUB*;100944
USC;100954
DUX;105206
XPS;105220
EQT;105263
INSN;105284
BAT;107672
MAT*;108094
F16;108099
HAMS;112363
QTUM;112392
NEF;112405
BOS;116384
QWARK;116425
IOT;127356
QRL;127667
ADL;127738
ECC*;129013
PTOY;129035
ZRC;129604
LKK;130939
ESP;130951
MAD*;131079
DYN;131111
SEQ;131112
MCAP;131154
MYST;136190
VERI;136211
SNM;136244
SKY;136269
CFI;136984
SNT;137013
AVT;138642
CVC;139467
IXT;141171
DENT;141331
ETHOS;141464
STA;150519
TFL;150545
EFYT;165555
EOS;166503
MCO;166548
NMR;166594
ADX;170452
QAU;170958
ECOB;171390
PLBT;171884
USDT;171986
NANO;172091
AHT;175611
ATB;175618
TIX;175671
CHAN;175683
CMP;176004
RVT;176280
HRB;176336
NIM;176669
8BT;177124
CDT;177139
ACT;177157
DNT;177175
SUR;177462
PING;177503
MIV;177759
BET*;177831
SAN;177863
KIN;177918
WGR;178467
XEL;178861
NVST;178885
FUN;178978
FUNC;179018
PQT;179077
WTT;179109
MTL;179164
HVN;179329
MYB;179345
PPT;179896
SNC;179926
STAR;179947
COR;179980
XRL;179990
OROC;180001
OAX;180013
MBI;180539
DDF;180595
DIM;180678
GGS;180716
DNA;180804
FYN;180820
FND;180840
DCY;181373
CFT;182258
DNR;182288
DP;182325
BTPL;182346
UNIFY;182364
IPC;182396
BRIT;182416
AMMO;182463
SOCC;183189
MASS;184135
LA;184163
IML;184187
XUC;184221
STU;184237
PLR;184298
GUNS;185625
IFT;185669
CAT*;185689
PRO;185695
SYC;185873
IND;185953
AHT*;186064
TRIBE;186253
ZRX;186277
TNT;186309
PRE*;186331
COSS;186335
STORM;186875
NPX;187015
STORJ;187347
SCORE;187431
OMG;187440
OTX;188294
EQB;188300
VOISE;188352
ETBS;188394
CVCOIN;188400
DRP;188523
ARC;188615
BOG;188677
NDC;188787
POE;188811
ADT;188858
AE;190978
UET;191037
AGRS;191142
SAND;188652
XAI*;191228
DMT;192400
DAS;194399
ADST;194530
BCAT;194567
XCJ;194689
RKC;194924
NLC2;195018
LINDA;196541
KING;196560
ANCP;196572
RCC;196591
ROOTS;194906
SNK;196612
CABS;196986
OPT;197054
ZNT;197886
BITSD;198251
XLC;198337
SKIN;198369
MSP;198408
HIRE;198458
REAL;198490
DFBT;198693
EQ;198698
WLK;198703
ONION;198967
BTX;198983
ICE;199004
XID;199026
GCN;199065
ATOM*;199107
MANA;199148
ICOO;199363
TME;199887
SMART;199901
SIGT;200941
ONX;201676
COE;201701
ARENA;201896
WINK;201962
CRM;202049
DGPT;202696
MOBI;202706
CSNO;202714
KICK;202849
SDAO;203183
STX;204716
BNB;204788
CORE;205549
KEN;205967
QVT;205980
TIE;205991
AUT;206001
CTT;206009
GRWI;207931
MNY;208001
MTH;208914
CCC;210595
UMC;213100
BMXT;213113
GAS;213532
FIL;213663
OCL;214738
BNC;215570
TOM;215602
BTM*;218008
XAS;218107
SMNX;218221
DCN;218906
DLT;220204
MRV;221349
MBRS;221350
SUB;221463
MET;221605
NEBL;222085
PGL;222125
XMCC;222133
AUN;222200
CASH*;222436
CMPCO;228090
DTCT;223644
CTR;225277
WNET;206512
PRG;225764
THNX;228146
WORM;228162
FUCK;229060
VNT;229307
SIFT;229420
IGNIS;231674
IWT;232556
JDC;232607
ITT;232678
LNC;223246
AIX;187030
EVX;194883
XEC;206539
ENTRP;207891
ICOS;207775
PIX;223283
MEDI;233044
HGT;234508
LTA;234526
NIMFA;234596
SCOR;234659
MLS;234707
KEX;234766
COB;234811
BRO;234982
MINEX;235021
ATL;235213
MAG*;235993
DFT;236039
VET;236131
UTK;236358
LAT;237269
SOJ;237385
HDG;237407
STCN;237428
SQP;237448
RIYA;238571
LNK;238622
AMB;238733
MNTP;240322
ALTOCAR;240439
CFT*;241536
BLX;241634
BKX;241757
BOU;241804
OXY;242873
AMT;243045
GIM;243079
NYC;247232
LBTC;247246
FRAZ;247259
EMT;247322
GXC;247350
HBT;247391
KRONE;247703
SRT;248243
AVA;248300
BT;249784
ACC;249821
AR*;251598
Z2;252359
LINX;253667
XCXT;253688
BLAS;253707
GOOD;253766
SCL;255254
TRV;255293
CRTM;255489
EON;255546
PST;255777
MTX;257110
PRIX;257772
CTX;278056
ENJ;283116
CNX;289715
DRC;290053
FUEL;292748
ACE;294364
WRC;296844
WTC;299397
BRX;299415
UCASH;299774
WRT;299811
ORME;301112
DEEP;301119
TMT*;301150
CCT;301191
WSH;301216
ARNA*;303888
ABC;303943
PRP;304147
BMC;304184
SKR*;304605
3DES;304693
PYN;304833
KAPU;305047
SENSE;305252
CAPP;306304
VEE;306482
FC;307112
RCN;307219
NRN;307406
EVC;308072
LINK;309621
WIZ;310052
ATKN;310392
KNC;310497
RUSTBITS;310553
REX;310589
ETHD;310754
SUMO;310812
TRX;310829
H2O;310867
TKT;311176
RHEA;311516
ART;311558
DRT;311829
SNOV;311853
DREAM;313176
MTN;313967
STOCKBET;313988
PLM;314331
SALT;314580
SND;314865
XP;318154
LRC;318169
HSR;318199
GLA;318704
ZNA;318794
EZM;319029
ODN;319075
POLL;319130
MTK;319238
CAS;319254
MAT;320036
GJC;320412
WIC;320551
WEB;320596
WAND;320621
ELIX;321177
EBTC;321189
HAC;321347
ADA;321992
YOYOW;322002
REC;322013
BIS;322963
OPP;323787
ROCK2;323817
EARTH;324012
ICX;324068
VSX;325279
WISH*;326082
FLASH;326222
GRFT;326286
BTCZ;327184
CZC;327250
PPP;327500
GUESS;327608
CAN;327632
ETP;328639
CIX;328667
ERT;328784
BAC*;329507
FLIK;329562
TRIP;329767
MBT;330003
ALIS;331603
LEV;332804
ARBI;334856
REQ;335059
ARN;335127
DAT;335505
VIBE;336538
ROK;336556
XRED;336594
DAY;336705
AST;337162
FLP;337863
HXT;338018
CND;338070
VRP*;338140
NTM;338156
TZC;338180
ENG;338335
MCI;338415
COV;338426
WAX;338541
AIR;338555
NTO;339406
ATCC;339419
KOLION;339431
WILD;339533
ELTC2;339581
ILCT;339598
POWR;339617
C20;339632
RYZ;339804
GXC*;339847
ELM;339933
TER;340067
XCS;340112
BQ;340125
CAV;340776
CLOUT;340816
PTC*;340872
WABI;340940
EVR;340966
TOA;341019
MNZ;341059
VIVO;341205
PHX;341267
MDA;341279
ZSC;341328
AURS;341400
CAG;341422
PKT;344086
SMT**;344097
ECHT;344337
INXT;344988
ATS;345017
RGC;345065
EBET;345159
R;345420
MOD;345510
BM*;345544
CPAY;345674
RUP;345801
BON*;346775
APPC;346812
WHL;347067
UP;347247
ETG;347450
WOMEN;348068
MAY;348094
RNDR;348131
EDDIE;348256
SCT*;348278
NAMO;348289
KCS;348628
GAT;349487
BLUE;350048
FLLW;350394
WYR;350395
VZT;350476
INDI;351078
LUX;351720
BAR;354771
PIRL;355019
ECASH;355117
WPR;355242
DRGN;355702
ODMC;357404
CABS*;357413
BRAT;357734
DTR;360063
TKR;360229
KEY;360299
ELITE;360657
XIOS;360740
DOV;360827
ETN;361881
REA;362039
AVE;362627
XNN;362769
BTDX;362846
LOAN*;363006
DTT*;363066
ZAB;363992
MDL*;364051
BT1;364317
BT2;364348
SHP*;364472
JCR;364747
XSB;364846
ATM;368694
EBST;368732
KEK;368743
AID;368770
BHC*;369029
ALTCOM;369110
OST;369132
DATA;369151
UGC;369179
DTC;369209
PLAY;369251
PURE;370535
CLD;370606
OTN;370726
POS;370825
REBL;370889
NEOG;370947
EXN;370961
INS;370973
TRCT;371004
UKG;371005
BTCRED;371064
CPEX;371095
JTX;371902
AXT;372029
RDN*;372369
NEU;372377
RUPX;372608
BDR;372637
XIN;372654
DUTCH;372748
TIO;372812
HNC*;373880
MDC*;373980
PURA;374031
HST;374246
BCPT;374281
BDL;374294
CMS;374358
XBL;375352
ZEPH;375396
ATFS;375855
GES;377508
NULS;377792
PHR*;377831
LCASH;378830
CFD;379232
SPHTX;379248
PLC;380571
SRN;380641
WSC;380671
DBET;380712
XGOX;380754
NEWB;380794
LIFE;381189
RMC;381323
CREDO;382450
MSR;382536
CJT;382617
ESC*;383878
EVN;383953
BNK;384605
ELLA;384651
BPL;384729
COIN;384859
ROCK*;384950
DRXNE;384953
SKR;385866
GRID;385907
XPTX;385933
GVT;385952
ETK;385960
ASTRO;387875
GMT;388042
EPY*;388076
SOAR;388145
EXY;388493
ISH;389808
MNX;389849
CRDS;392253
VIU;393656
SCR*;393742
DBR;394055
GFT;394121
STAC;396716
QSP;397757
RIPT;398126
BBT;398648
GBX;398705
CSTL;400432
JNT;400702
QASH;402714
ALQO;402782
KNC**;402805
TRIA;402884
PBL;402980
MAG;404752
STEX;404775
UFR;404806
LOCI;404890
TAU;405291
LAB;405343
DEB;408765
FLIXX;408849
FRD;409128
PFR;409155
ECA;409249
LDM;409363
LTG;409422
STP;411271
SPANK;411496
WISH;411620
AERM;411647
PLX;412081
NIO*;412112
ETHB;412197
CDX;412267
FOOD;413886
DEC;417510
VOT;418671
UQC;418694
LEND;418778
SETH;419209
TIO*;419579
ABYSS;419711
XSH;419814
BCD*;419930
GEA;421896
BCO*;422188
DSR;423297
BDG;423754
ONG;428300
BTCM;429400
ETBT;431142
ZCG;431170
MUT;431229
MEOW;431370
DIVX;431413
CNBC;431621
RHOC;434666
ARC*;435659
XUN;436007
RFL;436162
COFI;436320
ELTCOIN;438867
GRX;439136
NTK;439180
ERO;439579
CMT;439963
RLX;441616
MAN;446051
CWV;446121
ACT*;446372
NRO;447315
SEND;449573
GLT;449614
X8X;450337
COAL;453581
DAXX;453647
BWK;453855
FNTB;453943
XMRG;463101
BTCE;463700
FYP;464920
BOXY;465681
NGC;466339
UTNP;466492
EGAS;466786
DPP;466977
ADB;468052
TGT;472769
XDCE;477743
BMT;481737
MTRC;484742
BTCL;486837
PCN;486886
PYP;491325
CRED;502301
SBTC;516982
GTO;517477
TNB;517483
CHIPS*;517603
HKN;517775
B2B;517795
LOC*;517896
MNT*;521417
LTHN;522090
SMT*;524113
GER;531089
LTCU;531408
MGO;531426
BTCA;531559
HQX;535054
ETF;536137
BCX*;536213
LUX**;536278
STAK;536279
BCOIN;536905
MED*;542140
CCOS;542719
BNTY;543363
BRD;543502
HAT;563196
ELF;571314
VLR;579189
CWX;584861
DBC;586088
ZP;586160
POP;586409
PNX;586567
BAS;586638
UTT;587261
HBC;589829
AMM;589881
DAV;596972
XCPO;597029
GET;597181
ERC20;597540
ITC;597629
HTML;598428
GENE;600395
NMS;607521
PHO;608140
XTRA;608756
NTWK;616932
SUCR;617055
SMART*;617177
GNX;619375
NAS;619555
ACCO;619929
BYTHER;620037
REM;625010
TOK;625173
EREAL;625216
CPN;625381
XFT;625458
QLC;637681
BTSE;637960
OMGC;638142
Q2C;638297
BLT;638634
SPF;639943
TDS;640916
ORE;645766
SPK;645791
FLS;645879
WAGE;645913
GUN;645936
DFS;646897
POLIS;653274
WELL;653806
FLOT;654118
CL;659393
SHND;659488
AUA;659663
DNN;659681
SAGA;659724
GXS;659770
TSL;659973
IRL;660438
BOT;660947
PMA;661398
TROLL;661619
SGR;661777
JET;666891
MDS;667050
LCP;667139
GTC;667239
IETH;667344
SDRN;674829
INK;674918
KBR;674980
HPB;675053
MONK;675134
JINN;675359
MGN;675758
KZC;675995
GNR;676163
LWF;677648
BRC;679231
WCG;679479
HIVE;679566
LCK;680484
MFG;683500
ETL;683789
TEL;683827
BRC*;683943
SPX*;683963
ONL;684364
ZAP;684747
AIDOC;684818
ECC;685098
ET4;685306
LCT;688295
EBC;692707
VST;692727
INT;692839
CPY;692869
STN;692879
SFU;693690
PCOIN;694199
BLN*;694303
LUC;694313
EDT;698092
CYDER;698206
SRNT;698269
MLT;698425
EKO;704135
BTO;707507
DOC;707515
ARCT;707530
IMVR;708401
AURA;708404
IDH;708873
CBT;709053
ITZ;709089
XBP;710087
EXRN;710098
AGI;710156
BFT;710240
LGO;710370
CRPT;710597
SGL;711086
TNC;711252
FSBT;711359
CFTY;711418
DTA;713186
CV;713925
DTX;713947
MCU;714167
OCN;714255
THETA;714811
MDT*;714866
PRPS;715622
DUBI;715640
BPT;715749
SGN;715817
IOST;716522
TCT;716574
TRAC;716641
MOT;716659
ZIL;716725
HORSE;716736
QUN;716767
QBT*;716795
ACC*;716854
SWFTC;718353
SENT;718363
IPL;718398
OPC;718435
SAF;718463
SHA;718565
PYLNT;718673
EVE;719223
YEE;719272
REPUX;719307
JOYT;719361
GTC*;719426
XCD;726598
BTW;727150
AXPR;727769
FOTA;729627
DDD;729809
CPC*;730988
SPEND;731042
NPXS;731516
ZPT;731559
CROAT;731596
REF;731629
SXDT;731917
SXUT;731943
LDC;732021
VAL;732147
MAN*;732161
BCDN;732197
STK;734584
MZX;736230
CRC**;737393
SPICE;737883
Q1S;740271
XTO;744880
RUFF;744910
ELA;744987
CXO;745054
WT;746288
HGS;746316
EBIT;748907
RCT;749006
CUZ;749450
HLC;749620
BETR;749857
GMR;750091
ING;750134
LHC;750272
BLZ;752710
CRAVE*;752942
CHSB;752993
EQUI;753333
MCT;753511
HHEM;753658
CWIS;753690
MBC;753824
GRO;755352
SWM;755563
MTN*;755707
DNO;756639
eFIC;756726
TKY;757542
BANCA;757568
TRTL;757589
BIX;757969
ABT;758055
HBZ;758066
CARE*;760878
DRPU;763535
DOR;763639
PRFT;763700
PARETO;763768
DTRC;764096
IQB;764104
NDC*;764255
BEE;764334
MUN;764438
TIG;765383
LYK;765465
NYX;765701
DXT;765943
SAT;766212
CRL;766461
ORI;766681
USX;767334
LGR;767363
BCA;767384
B2X;767409
EXMR;767755
FSN;768219
UETL;769367
NBR;769415
ARY;769416
RAVE;769460
ILT;769483
SCOOBY;769499
CEFS;769708
MINT*;769735
BSR;769824
SKULL;769855
TRDT;769862
XBTY;769965
JC;770043
BTCP;770095
SKC;770118
MWAT;770254
JEW;771061
ERT*;771092
KRM;771553
HT;771595
CDY;771678
SSS;771723
CRDNC;771782
BIFI;771805
CAN*;776803
BTF;776828
IPC*;776863
SHOW;776896
STC;776935
NEC*;777007
AIT;777027
STQ;777187
ALT;777330
TRF;777368
KB3;777407
FDX;777557
KREDS;777643
EQL;777667
GAI;777701
VULC;777717
CRE*;777990
DTC**;778908
DADI;778953
MAG**;778961
UNRC;779032
BBP;779041
NOX;779335
HYS;779488
LCWP;779599
NAVI;780767
ADI;780883
TEN;780891
FLX*;781071
VVI;781079
ANK;781308
IVC;781497
HLP;781729
VIN;782929
SHPING;782954
PTR;783293
LCC;783320
BCR*;784396
VANY;784462
TFD;784553
NBX;784589
BAX;784595
BERRY;784762
SPC*;784821
FLIP;784981
CLIN;785910
DHT;786661
GOOD*;787620
ENK;787669
ALX;787696
REN;788239
DTH;788387
SOC;788409
TDX;788468
LOT;789006
FUNK;789115
COMP;789170
BITCAR;789256
CLN;789504
NIHL;789789
BASHC;791041
DIGIF;791053
DGM;791119
CBS;791176
TERN;791268
SVD;791282
PROOF;791305
BTCH;791324
redBUX;791484
AUC;792023
NCASH;792548
SPD;792725
CMCT;793021
PUT*;793802
FILL;793815
POA;793845
RVN;794350
XNK;794362
XYO;795305
RFR;795662
PROPS;796019
CEDEX;797331
FUND;797481
CEL;799472
CS*;799597
PUSHI;799869
BINS;799897
POKER;799922
AXYS;799948
EVN*;800022
BOLD;800034
EXTN;800048
DIG;800121
ETS;800145
LIPC;800232
HELL;801234
ELP;801286
ACAT;801364
RKT;801429
ELI;801531
CO2;802875
INVOX;803996
VLX;804376
ACTN;808094
LTCH;808190
ZUP;808252
HMT;808292
ONT;808414
USCOIN;810258
CBC*;810719
KIND;810794
BCT;810848
CLO;811474
CRU;811480
ELI*;811495
MOAT;811560
BBI;811566
BEZ;811575
ENTRC;811654
BTCGO;811673
XTROPTIONS;811717
KNW;812669
PGC;812842
BIT;813335
DATX;814081
PTC**;814149
PKC;814191
SQOIN;814361
TBAR;815247
CPL;815308
TUBE;815372
AUTO;815399
OMX;815543
TRCK;815627
SNX;816635
TOMO;816702
CHI;816745
CHF*;817013
INV*;819601
W3C;819663
INSTAR;819702
CHP;819737
J8T;819799
LELE;820526
DROP;820902
VEGA*;820940
AKA;830940
SHIP;830983
IHT;831814
LCS;831841
LALA;831848
LEDU;831932
FOXT;832078
ETKN;832079
ROX;832783
ADM;833028
AMBT;835125
LVL*;836048
MEE;836124
BTRM;836186
MANNA;836189
PROD;836220
ePRX;836266
HMC;836331
ZIX;836415
ELEC;836445
ORGT;836456
LOOM;836492
PAN;837419
BOTC;838249
GO;838328
VIEW;838344
OKOIN;839311
ADK;841767
GRAM;842123
ESS;842171
VIT;842430
SERA;842468
AET;843275
CMOS;843278
PGN;843333
BMH;843515
TT;843543
REDN;843556
TLP;843567
GEN*;843576
BSX;843586
BTCE*;843597
BBN;843613
TDZ;843631
PAVO;843642
TUSD;844139
LDN;844279
BUBO;844325
USOAMIC;844436
FLUZ;844476
IPSX;844540
MIO;845211
ZSC*;845270
AIC;847135
MITH;847172
BBN*;847177
SPD*;847305
FNO;847312
PAS;847381
CVTC;847402
PLMT;847420
NEXT;848051
RNTB;848115
XCLR;848134
XBP*;848148
DBC*;848257
SWTH;848774
FDZ;848819
VTN;848860
LION;848906
MASP;849711
XTL;849722
UCN;849732
HUR;849743
BRIA;849782
LATX;849939
ROI;849992
ETHPR;850066
BTL;850816
GOAL;850825
RAC;850831
BEX;850836
HOLD;850875
EZT;850994
SOL;851021
VIC;851066
XCM;851104
NFN;851117
CEEK;853825
WIIX;855136
EOSDAC;855289
BCI;855539
MEDIC;855870
BBC;856119
KWH;856128
CTXC;856139
VLD;856890
FTX;856962
GSI;858189
BDP;858205
FLM;859637
ZEL;859692
BKC;860049
BITG;860065
DEV;860154
CHT;860166
GEX;860192
ABJ;860230
FTW;860320
RAP;860887
ARTE;860889
ANI;860930
PHC;860938
ETHM;860990
UBC;861115
RAC*;861301
SENC;861348
PAT;862146
LIGER;862380
CHFN;862873
EURN;862884
LEU;862968
SWC;863074
SEM;863210
BBK;863235
RAC**;863251
NCT;864038
UUU;866334
XHV;866346
CPX;866357
DOCK;866363
EQC;866417
ADH;866454
ZLA;866472
LIF;866491
EFX;866525
LND;866546
FTO;866629
HPAY;866749
SIG;867303
CARE;867550
NZL;867958
TBT;867980
XMC;868229
HOT*;868276
OAK;869101
DML;869896
GEM;870119
TIPS;870188
MOS;876007
TBX;876072
PNT;876093
WIN;876102
CHARM;876241
CRS;876290
DERO;876324
DEAL;876352
JUMP;876359
ZCO;876390
KRL;877048
TMT**;877052
NEXO;877073
CHX;877236
SRC**;877266
SS;877303
IFX;877310
0XBTC;877383
XMO;877397
EDU;878068
PCL;878206
MITX;879004
APH;879031
NBAI;879035
CVT;879044
TUT;879102
BETT;879856
NOAH;882302
PAL;883061
ENU;883094
BFDT;883311
KEP;883514
RUBY;883748
CTKN;883811
YUM;884571
GSC;884902
DESI;885400
FNP;885403
VLUX;885469
MTC;885599
MT*;885623
SSH;885637
XBI;886928
TRUE;887527
MRK;887531
FRV;887639
WINS;887666
XES;887706
RTB;887741
FXT;888262
HYDRO;888283
CHBR;888499
OWD;889045
ELLI;889293
AXS;889302
DAN;889339
SEN*;889350
UBT;889870
AMO;889900
LBA;889997
LIVE;890043
GBG;890044
CNN;890069
SHL;890083
ETZ;890114
SKM;890130
SHR;890347
UBEX;890593
IVY;890611
KEC;890623
ODE;890624
HOT;890645
AMN;890663
SABR;890783
HWC;890817
BITGOLD;890851
BITSILVER;892415
GIN;892475
OPEN;892524
NLX;892539
LNC*;892657
FACE;892684
MRPH;892731
IOTX;893122
STM;893271
ITL;893326
AITT;893480
ITM;893485
VID;894052
UCT;894138
SNTR;895370
ZMR;895379
XMV;895447
NKN;897496
ELY;897502
HER;897513
SLX;898308
LTCC;898331
RST;898340
XBB;898360
TFC;898372
MSC*;898398
REPO;898411
IRC;898850
PLC*;898891
OIO;898898
ANGL;898977
ANTS;898986
KNG;899007
AUC*;899017
CMM;899065
STT;899488
WYS;899504
COG;899528
ZIPT;899541
QKC;899553
OSA;899568
EXC;899574
BEN;899712
EDR*;900419
BCIO;900439
BMK;900577
ROC;901762
BZNT;901815
LYL;901834
FT;901870
BMX;901906
PHI;901929
PMNT;901954
BNTN;901978
HYT;901980
SOUL*;902442
GRMD;902463
SSC;902487
LOKI;902527
BKT;902577
NCP;902616
MPT;902715
STAX;903091
MRN;903256
FOPA;903282
CBC;903690
OOT;903703
NBC;903748
SIC;903811
ALG;903856
PAI;903863
EXCC;904319
REL;904410
BTCN;905644
HERO;905744
SEELE;905749
EJAC;906122
APIS;906171
UPP;906271
XT3;906635
MGD;907129
PLURA;907167
SWACH;907177
NWCN;907205
AEC*;907227
BTF*;907238
GMC*;907251
ICST;907268
PURK;907296
LTCP;907323
LYNX;907677
POSQ;907721
OCTO*;907755
YCE;907824
OCC;907847
ARO;907868
BTCC;908896
GOLF;909286
MUSE;909304
OCT;909342
XCEL;909375
ECH;909390
XMN;909406
PLUS1;909414
COI;909713
CANDY;909733
SHARD;909797
TRVC;909861
KRX;909913
BITX;909956
SKB*;910472
HFT;910498
OPP*;910555
DTEM;910561
TIP;910663
SOUND;910721
HB;911095
TRW;911111
IQN;911125
GIC;911139
BGL;911146
EPIK;911229
ZMN;912878
PNY;912889
SAFE;912894
COU;912904
BID;912933
ATH;912943
ABS;912961
JOY*;913054
VITAE;913061
XET;913066
0xDIARY;913090
BTCS*;913109
TDP;913585
XGS;913606
XUEZ;913648
Dow;913722
HEX;913735
EMN;914321
PYT;914735
DEI;914753
TPC;914756
OYS;914795
WEB*;914812
JEX;914930
ILK;914975
RYO;915370
MUSD;915377
MIC;915386
URALS;915401
QWC;915412
WAB;915420
BTN;915437
ARE;915444
DAC;915449
EUNO;915521
KAAS;916694
MMO;916695
MVP;916702
DASC;916714
EGT;916728
MET*;916769
PGT;916779
MEDX;916795
CET;916813
SLST;916818
TGAME;916828
SPN*;916848
ZINC;916851
KETAN;916860
KBC;916868
MFT;917211
INSUR;917238
NIX;917249
ZCN;917256
FIN;917303
RPM;917365
DGX;917414
ITA;917423
NOM;917426
XSTC;917819
U42;918067
EGCC;918374
FREC;918380
BITS*;918397
DCC*;918483
AOA;918501
LET;918514
MTN**;918535
PAI*;918549
XIN*;918566
CRE**;918576
MEET;918953
BOE;918968
RTE;918974
CAR;918989
CPT;918997
PCO;919014
XPST;919073
HSC;919094
MCV;920156
SCRL;920190
CONI;920245
XPAT;920249
DIW;920306
JOINT;920327
IDXM;920342
CCO;920734
ATMI;920748
TKA;920768
RMT;920771
OLT;920779
GETX;920794
IQ;920805
BWT;920817
LST;920896
EMV;920915
ESZ;920927
TRAK;920939
ZXC;920958
BTRN;921356
XMX;921375
VME;921401
VITE;921524
RNT;921526
BBO;921530
YUP;921549
SNIP;921575
XDNA;921608
SAL;921680
CARD;922018
LIKE;922038
THRT;922054
GOT*;922068
SKRP;922136
AVH;922140
SCC;922214
HALO;922220
BSTN;922258
PITCH;922261
NANJ;922271
PAXEX;922584
DIT;922603
AZART;922608
CENNZ;922616
RDC;922623
TTU;922627
FREE;922632
AOP;922643
XAP;922654
INTO;922710
AIMS;922747
TSC;922763
SPLB;922774
CMZ;922779
NOBS;922838
HMN;924168
MHP;924209
HMD;924215
JSE;924231
IMGZ;924246
NYN;924307
IAM;924328
URB;924346
CHART;924363
WHEN;924369
SFT;924677
CCC*;924683
ETT*;924686
ITR;924688
CHE;924690
ZEEW;924693
EMT*;924696
QUA;924699
RSC;924701
ENTRY;924704
PHTC;924705
WORK;924709
ORC;924710
ZAZA;924715
DNET*;924716
IDAP;924718
HEAL;924722
OFCR;924723
SHPT;924725
LED;924732
PRLPAY;924737
RBDT;924742
SKYFT;924750
FLEX;924752
STRY;924760
FAN;924761
GBTC;924766
NBOX;924767
BUD;924779
DBCCOIN;924782
K2G;924794
ARR;924796
GMB;924800
SPOT;924801
VTUUR;924805
Pakka;924807
ETI;924811
FRECN;924815
NOIA;924823
LAX;924826
BST*;924828
DREAM*;924831
LPC;924837
DYNO;924847
MFX;924851
SPIKE;924859
SGO;924860
RAWG;924864
BDB;924873
MNR;924875
ZNAQ;924887
YBT;924891
OPET;924896
PSK;924897
KVT;924899
COT;924916
WPT;924918
ABELE;924922
XEP;924924
ARB*;924926
OMI;924931
BILL;924935
ST;924938
WBBC;924940
XDT;924953
WPP;924955
ATX*;924963
SLT;924971
APL;924973
MCB;924976
HDAC;924979
CCCX;924982
VRH;924986
AEN;924988
SOLID;924991
VANIG;924993
AIRE;924996
GMA;925007
WMB;925009
MVU;925015
TLNT;925016
GLDR;925018
IMU;925021
TRT;925023
CRS*;925024
OLM;925031
CST;925033
YON;925035
URT;925040
QCX;925042
CRON;925046
DIP;925049
PROD*;925067
REDC;925071
ZCN*;925073
TTV;925078
OICOIN;925081
ENQ;925083
EXPR;925085
DTN;925087
IDM;925088
SIDT;925092
ISR;925093
CDPT;925095
CRGO;925097
AXIS;925099
QRP;925103
TIIM;925107
BNR;925109
VRT;925111
ZCC1;925113
KRP;925118
DAG;925129
OLE;925133
OKB;925144
AMLT;925145
HGO;925148
TCOIN;925151
BZ;925154
PRA;925159
VLP;925161
PGC*;925163
ZIP;925165
BOS*;925183
KCASH;925195
1WO;925200
ZT;925204
BOUTS;925212
ORS*;925214
EST;925216
MODEX;925229
OGT;925231
PLA;925240
NPER;925242
ATON;925244
EURS;925249
BSC*;925253
PCH;925256
ECOM;925260
WIT;925264
OPU;925266
MOF;925268
BOX;925271
COTI;925272
ETALON;925275
TICS;925276
ZPR;925282
EXT*;925284
EOT*;925289
AAC;925291
ELT*;925293
ESTATE;925296
BLV;925298
RRC;925305
MPG;925313
QNTU;925316
IG;925318
FML;925321
TLU;925322
PSM;925326
MON;925328
KAN;925339
NMH;925347
KST;925349
DEL;925351
HIT;925358
PBLK;925360
KVT*;925362
MDN;925364
TMTG;925371
SGC;925373
PRT;925375
COSM;925380
GPPT;925382
LNL;925384
VRN;925389
NEX;925400
BRNX;925403
SRCOIN;925404
RFT;925406
ET;925411
MMTM;925417
XGH;925422
FXP;925427
CET*;925431
PASS;925433
HRO;925435
DGTX;925440
BSCH;925444
TRVR;925445
PESA;925447
CLPX;925463
DXC*;925465
GLN;925467
AUK;925469
PCCM;925479
TOPC;925484
PLAN;925495
EVER;925497
TRAID;925506
TRIO;925516
BNTE;925519
DPY;925525
FUNDZ;925527
MIB;925531
BAAS;925550
LYNK;925552
TOT*;925554
CCL;925566
HYC;925568
TCX;925571
HLD;925576
DACC;925578
NUSD;925580
TCHB;925582
DAX;925586
BEC;925591
VEEN;925595
CIC;925597
MIODIO;925600
MOV;925615
IHF;925618
CNAB;925620
SGP;925623
LPC*;925625
HANA;925632
BTV;925639
URP;925641
SHE;925643
IVN;925655
DAV*;925662
ZAT;925664
IMT;925671
MHC;925686
ROBET;925693
CRYP;925695
BDT;925698
BTXC;925701
DAPS;925707
ETE;925716
NHCT;925718
SWA;925723
USDCT;925730
IAG;925732
STRS;925751
MTCMN;925783
AAA;925785
ZEST;925787
MOAC;925799
HLM;925805
CSP;925807
USDC;925809
ONGAS;925815
NRVE;925817
BIP;925824
XCASH;925826
RMESH;925830
HAND;925834
GBXT;925862
AT;925864
BASIS;925867
JIB;925869
PMTN;925871
SGA;925873
PHM;925877
CUSD;925878
QUANT;925881
KUSD;925885
VEOT;925886
GGR;925891
VEST;925893
MCN;925898
TCH;925903
DEPO;925904
ONE;925909
TVA;925915
METM;925936
PAX;925939
ARAW;925945
BRAZ;925957
TALAO;925979
IZX;925995
DIVI;926033
HQT;926034
W12;926038
NBAR;926040
HC;926044
KBX;926057
MYDFS;926062
VTHO;926064
BHPC;926068
VTOS;926075
M2O;926091
SLY;926093
UEC;926110
BEAT;926112
MOLK;926114
MSD;926121
SEED;926123
SEAL;926128
GBO;926136
ACM;926174
DFXT;926176
BF;926179
NWP;926182
BCDT;926186
EVOS;926208
DEEX;926218
LTZ;926230
MTZ;926245
TBL;926247
BXY;926279
KUE;926296
ESN;926303
H3O;926306
BETHER;926307
ETHO;926309
WTL;926317
HIH;926320
ANGEL;926322
P2PS;926325
GXT;926326
AIM;926328
TWISTR;926340
CXA;926344
BITTO;926345
HNY;926348
QEY;926352
UMK;926354
VNX;926362
WMK;926365
OJX;926371
CHW;926379
ABBC;926388
CATT;926389
VEX;926392
LQDN;926393
BIOC;926396
FOREX;926404
CPLO;926409
XPX;926414
RIPAX;926417
HETA;926419
NOW;926422
ADAB;926442
CIX100;926444
MINX;926448
MOBU;926450
NVDX;926452
COVEX;926456
TAL;926457
ATT;926478
F2K;926482
GTX;926483
B21;926487
LK;926490
QOBI;926506
BVO;926507
VENA;926510
CDRX;926514
CRF;926525
ELES;926529
GEON;926532
TZO;926542
WLME;926549
INVX;926553
AWT;926555
ABX;926559
LNKC;926565
BFC;926568
IMPCN;926570
XPT;926572
NMK;926576
OUT;926578
LPT;926589
RAINC ;926595
IOV;926605
MYO;926607
ORET;926609
SEC;926612
QUIZ;926613
CYRS;926616
UTL;926618
JOYS;926622
DACH;926627
MNVM;926629
PLTX;926631
BTMG;926633
BRIK;926636
XTN;926638
LUMA;926641
BTZN;926643
CLRTY;926646
CGT;926651
NAVIB;926654
ATHK;926656
ATP;926659
PLEO;926663
GDX;926665
EGDC;926668
ENTT;926670
RWD;926672
AURUM;926676
WRL;926678
CRWD;926683
ENCN;926687
TAURI;926689
EYE;926691
GTR;926693
OPEX;926698
SKYM;926700
SCIA;926702
TXP;926704
GPS;926706
WTXH;926708
BBG;926710
NZE;926717
EQY;926721
FLC;926723
SHKG;926725
TENZ;926727
TWC;926731
WUG;926736
CAND;926741
CTW;926743
CRV;926746
XIM;926748
NAM;926750
UFT;926752
2TF;926754
BZKY;926756
CARAT;926758
ZILLA;926760
TCJ;926762
MAP;926764
DN8;926766
XNT;926768
PPOVR;926771
LX;926780
AWAX;926785
VAR;926807
TKD;926931
VTAG;926970
WBY;927109
BBOS;927115
BFEX;927123
HUS;927127
MENU;927140
APXT;927143
IDORU;927144
WOM;927146
BONA;927157
HLDY;927160
COS;927166
BLACK;927168
HORUS;927176
MEETONE;927184
IOTW;927185
EMPR;927190
MPAY;927199
AGM;927204
MTCN;927207
PTO;927211
AS;927213
OSF;927216
DPT;927218
GTN;927220
VIDI;927222
SUQA;927228
OPQ;927231
ZYM;927237
RPB;927240
DYNCOIN;927241
MIT;927243
VANM;927245
PSF;927247
LITION;927250
NEW;927251
TITAN;927255
MZG;927264
VIAZ;927267
BTZC;927269
ECR;927271
RF;927274
ARMS;927275
STIPS;927277
MPXT;927282
XELS;927287
PGF7T;927288
IDAC ;927290
ZUUM;927292
UCOINT;927294
YDY;927296
FTUM;927299
SPON;927301
DLXV;927304
OCEAN;927307
TECO;927309
GOALS;927311
ETHIX;927313
CDP;927315
TTB;927319
CHK;927320
PRPL;927324
OASC;927327
TREE;927331
GDL;927333
LNT;927335
FTRC;927337
HBX;927340
LAO;927341
GOVT;927344
TBRS;927345
COGEN;927349
DAILY;927351
SREUR;927353
MAZC;927355
TGTC;927357
NRG;927360
PLNX;927363
IPT;927378
IGTT;927381
SRXIO;927385
GZB;927386
FNX;927391
GGP;927395
IFUM;927398
ATC;927400
DOOH;927402
IOUX;927406
BQTX;927409
NVOY;927413
CYBR;927415
LLG;927418
LCR;927419
SNPC;927421
VTM;927424
NRX;927427
BTSG;927430
BXM;927432
CINX;927437
CCIN;927439
CCI;927441
RDS;927444
GMS;927445
SGAT;927447
SILKT;927450
BITM;927451
TCHN;927453
ICHN;927460
LVX;927462
AENT;927464
MBN;927466
LYFE;927473
REMCO;927474
SaTT;927476
GEMA;927487
SCH;927489
VTEX;927498
SRV;927499
DSLA;927501
SYLO;927503
YMZ;927505
AER;927509
AIBB;927511
META;927515
ASQT;927517
AXC;927519
BLKD;927521
CYS;927523
ATTR;927526
CTY;927529
BC;927533
DDL;927534
EZX;927541
COY;927544
FNL;927546
B2G;927548
CSQ;927551
HBE;927553
HV;927555
ICT;927559
TOS;927562
CPROP;927563
MOOLYA;927565
PON;927567
CREV;927569
VAD;927571
IDC;927573
LBR;927575
EMX;927582
XBASE;927584
LEN;927590
KUBO;927592
FABA;927595
LQ8;927596
GC;927600
INFLR;927607
LIB;927610
XPR;927613
PETL;927622
XDMC;927624
PPS;927626
SMILO;927642
BCV;927644
TREX;927654
VNS;927664
VRF;927666
AUX;927698
LYQD;927901
CBP;927917
SMOKE;927923
EDN;927930
AVALA;927935
NOS;927937
DT1;927945
FTT;927948
STACS;927950
JMC;927952
FOAM;927955
FRED;927962
CNCT;927965
ENGT;927975
VRTY;927977
ZND;927991
3XD;927993
FPC;927995
SYNCO;927998
SPY;927999
77G;928001
HIDU;928003
USE;928014
NGIN;928030
KOTO;928032
SUSD;928087
GENX;928089
HPSP;928091
VTL;928093
SECI;928096
SPRTZ;928098
C25;928101
MVL;928103
STASH;928108
HERB;928134
AQUA;928136
XQR;928139
URX;928156
FTM;928158
HASH;928164
KSYS;928166
MTEL;928171
MTT;928173
MITC;928180
BBTC;928182
UMO;928184
LIT;928186
MUST;928188
ELT;928190
TIOX;928192
XNB;928200
XRN;928202
RBTC;928204
BXC;928221
PIRATE;928223
EXO;928226
ONAM;928228
BIH;928234
KARMA;928239
CJR;928245
BLTG;928259
AGVC;928332
ASGC;928339
MIMI;928346
PXG;928354
ORM;928356
TRET;928359
SET;928362
BEER;928379
AERGO;928382
TIMI;928385
NRP;928390
SNTVT;928392
CEN;928394
GARD;928399
UNX;928403
OWC;928405
WOWX;928418
THO;928423
TOSS;928440
KMX;928443
SKI;928445
SG;928446
SUNEX;928449
VIDY;928450
XRBT;928452
ALUX;928455
XBOND;928459
BOSE;928465
GRIN;928482
JOY;928484
WETH;928486
GBE;928489
HRBE;928491
BEAM;928497
MILC;928502
PINMO;928505
RGT;928509
BMG;928513
OXY2;928519
FAIRC;928525
BPN;928530
DYC;928534
DUSK;928535
LN;928540
FTR;928543
RWE;928544
YSH;928546
TASH;928549
TXM;928550
TRAVEL;928553
ACA;928555
AUPC;928560
COSX;928561
DNTX;928563
HART;928566
KSS;928567
LIPS;928569
MIBO;928572
BRIX;928574
NZO;928576
PTT;928588
XRK;928590
RMOB;928613
XRF;928614
POD;928617
SUT;928619
WHO;928625
ID;928626
VRX Token;928629
WDX;928631
AIOT;928636
AMOS;928638
XBANK;928648
OX;928660
KRO;928661
CAID;928665
LTE;928670
HLX;928671
MEL;928675
NEXXO;928678
QNTR;928679
BTCUS;928689
RAYS;928694
MOL;928696
RENC;928701
TLT;928704
EMOT;928705
USAT;928710
VOL;928714
AIRT;928716
VTRD;928721
BTT;928723
GALI;928726
PLAI;928727
BGG;928742
HEDG;928755
WBTC;928761
ERE;928764
BTU;928781
APS;928783
XBX;928785
QNT;928790
FFUEL;928814
NSP;928821
PTNX;928823
SNcoin;928826
TTN;928828
BWT2;928852
OATH;928854
SBA;928856
DXG;928859
EXTP;928861
ZEX;928863
XCZ;928865
CBUK;928867
HIX;928874
TGN;928877
COGS;928878
XRM;928881
CCOIN;928882
ICHX;928902
FORCE;928907
BTMX;928919
LTO;928921
QUSD;928960
BTH;928962
PLG;928995
PVP;928999
EMANATE;929011
CP;929079
DAYTA;929086
ORV;929088
CWT;929090
AQU;929092
CXG;929095
CHFT;929096
VNTY;929099
MAI;929100
BTR;929102
SSX;929105
KLK;929114
LVN;929116
AZU;929129
ARQ;929144
WU;929148
ZUC;929150
FFM;929153
DRF;929155
GTIB;929161
CR;929163
VEO;929166
DLA;929167
AFO;929169
FET;929174
DAGT;929176
GVE;929178
IDT;929180
KUV;929182
ARCX;929187
YACHTCO;929195
BOLTT;929196
ENCX;929200
VALID;929202
TYM;929211
VENUS;929214
HYGH;929215
NODIS;929219
MNC;929223
USDS;929229
HVE;929231
XR;929234
VALOR;929236
ALP;929237
EMU;929239
GST;929241
ARS;929255
NRM;929259
APOD;929262
AX;929263
CWEX;929279
CLDX;929287
LABX;929291
GGC;929307
AGT;929309
ENV;929311
ANKR;929313
GEP;929327
IZA;929331
GBA;929333
ITU;929336
FANZ;929341
CSPN;929343
CCH;929349
HAVEN;929353
XOV;929356
eQUAD;929359
CUR;929360
CREDIT;929362
ERA;929366
MAKE;929370
KIBIS;929373
SPKZ;929376
OGO;929378
AWC;929381
DIS;929382
SCRIBE;929387
INX;929389
SQR;929402
PHT;929410
CRO;929418
LYTX;929427
TJA;929429
InBit;929431
DIO;929433
LIC;929435
SCA;929437
XOS;929439
VSYS;929452
LAC;929454
QCP;929456
UGT;929490
BWL;929492
WATT;929505
XRX;929507
TFF;929517
ANY;929519
ELOC;929520
IZZY;929523
SONT;929527
SWI;929529
LUNES;929535
EDEXA;929537
PPI;929550
ANTE;929553
TRXDICE;929555
AFTT;929558
TRXWIN;929560
TWJ;929562
DARB;929581
MBTX;929583
CFun;929645
ECTE;929289
BUY;929666
LWA;929668
INR;929674
REDi;929673
AAS;929654
PCC;929576
IPUX;929572
BWN;929570
MIG;929566
T4M;929514
ZEON;929494
WHY;929676
SLC;929650
VOLLAR;929661
URIS;929681
MBTC;926368
HRD;929687
SHER;929692
QCO;929691
ZB;929695
ISG;929696
GEC;929698
TAGZ;929700
SKP;929702
MCC;929712
CELR;929546
XGN;929716
YPTO;929723
UBE;929725
XLM;4614
VRA;886955
ETGP;929734
GFCS;929737
IX;929741
RDT;929740
ALIC;929745
HCXP;929747
AGRO;929749
TFUEL;929751
BYTS;929756
GRT;929758
MYTV;929762
2GT;929659
EUCX;929761
TPAY*;745017
DRG;683927
FAIR*;732098
DXN;929665
AML;929779
B66;929783
LEVL;929786
DHC;929789
UGAS;929793
PNP;929795
EDO;310297
ORS;863174
FCT;13280
PRY;929809
MXM;929811
TITC;4627
TTC;929813
BCNX;929815
SWG;929819
HTER;929822
EVED;929820
GSE;929824
BZRX;929828
GIF;929833
YBK;929830
2KEY;929838
STG;929841
DEVX;929844
TMB;929846
HBRS;929848
XPL;929852
MTSH;929854
DAGO;929856
EMI;929863
TEMPO;929866
PPR;929868
REW;929870
ORBIS;924678
ORBS;929872
STE;929877
TPLAY;929879
GYM;929883
VIDT;914830
UDOO;929888
FAT;929891
TAN;815269
KICKS;929898
LYM;767260
SPORTG;929900
CRES;929902
NOKU;861276
BINC;929688
RIF;928499
PERU;921439
FIII;927458
FIH;926446
GNC;929406
VC;928522
SRX;928422
AFCT;929671
LYN;928106
HXC;926696
eSwitch;928647
PARQ;929509
ALCE;929217
ADUX;929684
BCNA;927428
APZ;928884
WVR;929408
FFCT;929119
REME;928698
RAIZER;929075
BTMK;4403
AES;929926
AIBK;929929
XDN;5282
NCC;929933
AION;431235
WAN;240142
POLY;744820
XTZ;166390
DAI;769546
STONE;929943
OILD;929945
VLM;929947
BSV;926591
BCH;202330
BCD;409492
ZEN;116180
LOL;929949
AUDC;925342
PART;191116
TTT;243013
PRL;429355
EDUC;22185
EDC;27634
RFOX;930024
CTLX;930026
CSM;930028
BTNY;930030
MINT;4562
GBYTE;30736
GUSD;925563
RCN*;29374
NOIZ;924857
GX;679646
TOKC;779014
BLITZ;15879
XEN;34324
ACH;850785
FORK;926574
VIG;907161
BTG;347235
LOTES;930034
LOTEU;930035
VIB;198710
RVO;930041
GTH;930043
IRYO;930045
KBT;930047
WHN;929413
GUAR;928667
JVY;331207
VLTX;927322
BB1;929173
IMP;928904
AZ;925720
TELE;929881
PPY;29348
STOR;907859
UBQ;43044
DIN;819678
ROE;907306
YOC;20691
GMCN;909821
IGG;929564
PAR;898215
ALEX;45607
SISA;748858
FOR;661719
ALPS;859662
GCC*;667444
VOLT;55553
PSD;819787
PROTON;876257
AMX;898367
AC3;517389
KLKS;517193
CIF;792268
VUC;182340
GOA;645830
IC;849815
WOBTC;756132
INN;374211
XCG;925251
CRC***;586482
BIM;913676
MRP*;866622
GRLC;718975
BIO;484355
TEAMT;927979
FARM;847476
BUN;769759
ICC;400693
LIZ;792136
KUBOS;22262
MNB;850772
LEAF;789144
DARX;863225
UWC;866283
SYNX;27591
DXC;888318
DKD;907331
XSG;847395
UBTC;706900
BWS;907885
MBLC;920276
USDX;930080
LHT;930081
ANON;926228
